"1","company_name","country_iso","city","nace_code","consolidation_code","last_avail_year","address_type","peer_group_size","peer_group_name","main_customers","main_distribution_sites","information_provider","size_classification","employees_year","employees_last_value","total_assets_year","total_assets_eur","total_assets_usd","n_companies_group","entity_type","n_shareholders","n_subsidiaries","roa","rd_ratio","export_ratio","export_revenue","long_term_debt","is_guo","is_controlled_sub","company_name_std","company_name_original"
"1.","Apple Inc","US","CUPERTINO","2620","C1","2025","Registered address / Incorporation address / Legal address",6920,"2620-VL",NA,NA,"Refinitiv","Very large company","n.a.",164000,"305971309.417227",305971309.417227,359241000,130,"GUO",5957,81,31.18,8.302,NA,NA,66713211.2538172,1,0,"APPLE","APPLE INC."
"2.","Volkswagen AG","DE","WOLFSBURG","2910","C2","2024","Registered address / Incorporation address / Legal address",2172,"2910-VL",NA,NA,"World'Vest Base Inc.","Very large company","614082",614082,"632905000",632905000,657524713.934064,1787,"Controlled subs.",23,1027,1.487,1.061,NA,NA,137061000,0,1,"VOLKSWAGEN","VOLKSWAGEN AG"
"3.","EXXON MOBIL CORPORATION","US","SPRING","1920","C1","2024","Registered address / Incorporation address / Legal address",3410,"1920-VL",NA,NA,"Refinitiv","Very large company","61000",61000,"436495524.491846",436495524.491846,453475000,943,"GUO",4531,700,7.427,0.534,NA,NA,35489475.6888789,1,0,"EXXON MOBIL ","EXXON MOBIL CORPORATION"
"4.","Samsung Electronics Co Ltd","KR","SUWON-SI","2630","C2","2024","Registered address / Incorporation address / Legal address",5158,"2630-VL",NA,NA,"NICE","Very large company","n.a.",NA,"336915865.645643",336915865.645643,350021738.141585,727,"GUO",237,466,6.534,11.632,NA,NA,2586718.02919397,1,0,"SAMSUNG ELECTRONIC ","SAMSUNG ELECTRONICS CO.,LTD."
"5.","WellPoint Inc","US","INDIANAPOLIS","6511","C1","2024","Registered address / Incorporation address / Legal address",1310,"INS-00-VL",NA,NA,"A.M. Best","Very large company","104200",104200,"112512322.316175",112512322.316175,116889000,616,"GUO",1899,515,5.108,NA,NA,NA,NA,1,0,"ELEVANCE HEALTH","ELEVANCE HEALTH, INC."
"6.","AT&T Inc","US","DALLAS","6190","C1","2024","Registered address / Incorporation address / Legal address",47297,"6190-VL",NA,NA,"Refinitiv","Very large company","140990",140990,"380012681.166014",380012681.166014,394795000,1471,"GUO",3196,824,2.722,0.781,NA,NA,114008135.856194,1,0,"AT&T","AT&T INC."
"7.","Hyundai Motor Co","KR","SEOUL","2910","C2","2024","Registered address / Incorporation address / Legal address",2172,"2910-VL",NA,NA,"NICE","Very large company","n.a.",NA,"222500239.871528",222500239.871528,231155397.052934,182,"GUO",139,285,3.687,1.354,NA,NA,79497048.0409698,1,0,"HYUNDAI MOTOR ","HYUNDAI MOTOR COMPANY"
"8.","Humana Inc","US","LOUISVILLE","6511","C1","2024","Registered address / Incorporation address / Legal address",1310,"INS-00-VL",NA,NA,"A.M. Best","Very large company","65680",65680,"44738685.6670301",44738685.6670301,46479000,598,"GUO",1128,447,2.612,NA,NA,NA,NA,1,0,"HUMANA","HUMANA INC."
"9.","Dell Technologies Inc","US","ROUND ROCK","2620","C1","2024","Registered address / Incorporation address / Legal address",6920,"2620-VL",NA,NA,"Refinitiv","Very large company","108000",108000,"76730485.4670319",76730485.4670319,79746000,715,"Controlled subs.",1625,402,5.758,3.078,NA,NA,18630807.6906445,0,1,"DELL TECHNOLOGY","DELL TECHNOLOGIES INC."
"10.","IBM Corp","US","ARMONK","6201","C1","2024","Registered address / Incorporation address / Legal address",117237,"6201-VL",NA,NA,"Refinitiv","Very large company","293400",293400,"132038753.122375",132038753.122375,137175000,804,"GUO",3699,397,4.391,11.918,NA,NA,48016192.1688102,1,0,"INTERNATIONAL BUSINESS MACHINE ","INTERNATIONAL BUSINESS MACHINES CORP"
"11.","Oracle Corp","US","AUSTIN","5829","C1","2025","Registered address / Incorporation address / Legal address",77611,"5829-VL",NA,NA,"Refinitiv","Very large company","162000",162000,"148479593.278358",148479593.278358,168361000,739,"GUO",3976,414,7.391,17.178,NA,NA,77605613.9469095,1,0,"ORACLE ","ORACLE CORP"
"12.","Dell Inc","US","ROUND ROCK","2620","C1","2012","Registered address / Incorporation address / Legal address",6920,"2620-VL",NA,NA,"Refinitiv","Very large company","111300",111300,"35084870.3548407",35084870.3548407,47540000,715,"Controlled subs.",1,311,4.989,1.883,NA,NA,3868634.63189052,0,1,"DELL","DELL, INC."
"13.","HP Inc","US","PALO ALTO","2620","C1","2025","Registered address / Incorporation address / Legal address",6920,"2620-VL",NA,NA,"Refinitiv","Very large company","n.a.",58000,"36151111.5848942",36151111.5848942,41769000,540,"GUO",1355,445,6.055,2.897,NA,NA,7634584.38771222,1,0,"HP","HP INC."
"14.","Broadcom Inc","US","PALO ALTO","2611","C1","2024","Registered address / Incorporation address / Legal address",20078,"2611-VL",NA,NA,"Refinitiv","Very large company","37000",37000,"152219314.952763",152219314.952763,165645000,536,"GUO",4446,256,3.559,18.052,NA,NA,60921727.0958582,1,0,"BROADCOM","BROADCOM INC."
"15.","Ingram Micro Inc","US","IRVINE","4651","C1","2020","Registered address / Incorporation address / Legal address",33732,"4651-VL",NA,"Irvine","Refinitiv","Very large company","n.a.",NA,"14004500.7017531",14004500.7017531,17184913,332,"Controlled subs.",1,42,3.749,NA,NA,NA,759171.650111841,0,1,"INGRAM MICRO","INGRAM MICRO INC"
"16.","Vodafone Group Plc","GB","NEWBURY","6190","C1","2024","Registered address / Incorporation address / Legal address",47297,"6190-VL",NA,NA,"World'Vest Base Inc.","Very large company","92834",92834,"128521000",128521000,138995422.401071,345,"GUO",167,340,-3.244,0,NA,NA,46096000,1,0,"VODAFONE GROUP","VODAFONE GROUP PLC"
"17.","Hynix Semiconductor Inc","KR","ICHEON-SI","2611","C2","2024","Registered address / Incorporation address / Legal address",20078,"2611-VL",NA,NA,"NICE","Very large company","n.a.",NA,"78481271.4727181",78481271.4727181,81534156.9023483,64,"GUO",179,70,16.51,6.702,NA,NA,12841633.8683082,1,0,"SK HYNIX","SK HYNIX INC."
"18.","QUALCOMM INCORPORATED","US","SAN DIEGO","2630","C1","2025","Registered address / Incorporation address / Legal address",5158,"2630-VL",NA,NA,"Refinitiv","Very large company","52000",52000,"42707595.6477908",42707595.6477908,50143000,138,"GUO",3118,95,11.05,20.418,NA,NA,12614765.7527358,1,0,"QUALCOMM","QUALCOMM INCORPORATED"
"19.","Continental AG","DE","HANNOVER","2211","C2","2024","Registered address / Incorporation address / Legal address",3331,"2211-VL","Automakers such as Volkswagen; DaimlerChrysler; Ford; BMW; General Motors; Toyota; Honda; Renault; and Porsche",NA,"World'Vest Base Inc.","Very large company","190159",190159,"36966000",36966000,38403960.4289532,498,"GUO",110,465,3.16,9.827,NA,NA,4112000,1,0,"CONTINENTAL","CONTINENTAL AG"
"20.","SALESFORCE INC","US","SAN FRANCISCO","5829","C1","2024","Registered address / Incorporation address / Legal address",77611,"5829-VL","Autodesk, Arvato Services, Dow Jones Newswires, Ericsson Microelectronics, Fujitsu Technology Solutions, Kikkoman Corporation, Paymentech, Suntory Foods, Textron Fastening Systems, USA Today and Wachovia",NA,"Refinitiv","Very large company","76453",76453,"99035881.5257274",99035881.5257274,102928000,283,"GUO",3368,195,6.021,14.495,NA,NA,8442220.0422308,1,0,"SALESFORCE","SALESFORCE INC"
"21.","Volvo AB","SE","GOTEBORG","2910","C1","2024","Registered address / Incorporation address / Legal address",2172,"2910-VL",NA,NA,"World'Vest Base Inc.","Very large company","44413",44413,"33880479.1354748",33880479.1354748,35198414.2193571,807,"Controlled subs.",76,73,3.967,2.003,NA,NA,2657833.20038127,0,1,"VOLVO CAR","VOLVO CAR AB"
"22.","SAP SE","DE","WALLDORF","5829","C2","2024","Registered address / Incorporation address / Legal address",77611,"5829-VL",NA,NA,"World'Vest Base Inc.","Very large company","109121",109121,"74122000",74122000,77005311.7706776,479,"GUO",199,507,4.215,19.06,NA,NA,7169000,1,0,"SAP SE","SAP SE"
"23.","ABB Ltd","CH","ZURICH","2712","C2","2024","Registered address / Incorporation address / Legal address",6971,"2712-VL",NA,NA,"World'Vest Base Inc.","Very large company","109900",109900,"38845911.8626549",38845911.8626549,40357000,493,"GUO",152,330,9.75,4.441,NA,NA,7010302.45299986,1,0,"ABB","ABB LTD"
"24.","HEWLETT PACKARD ENTERPRISE COMPANY","US","SPRING","2620","C1","2024","Registered address / Incorporation address / Legal address",6920,"2620-VL",NA,NA,"Refinitiv","Very large company","61000",61000,"65486147.0141798",65486147.0141798,71262000,377,"GUO",1283,180,3.584,7.455,NA,NA,12409487.935779,1,0,"HEWLETT PACKARD ENTERPRISE ","HEWLETT PACKARD ENTERPRISE COMPANY"
"25.","MASTERCARD INCORPORATED","US","NEW YORK","6492","C1","2024","Registered address / Incorporation address / Legal address",184,"BNK-17-VL",NA,NA,"World'Vest Base Inc.","Very large company","35300",35300,"46280701.9418765",46280701.9418765,48081000,156,"GUO",3910,123,26.776,NA,NA,NA,NA,1,0,"MASTERCARD","MASTERCARD INCORPORATED"
"26.","Advanced Micro Devices Inc","US","SANTA CLARA","2611","C1","2024","Registered address / Incorporation address / Legal address",20078,"2611-VL",NA,NA,"Refinitiv","Very large company","28000",28000,"66633969.1900822",66633969.1900822,69226000,121,"GUO",2872,80,2.37,25.038,NA,NA,1656560.5549379,1,0,"ADVANCED MICRO DEVICES","ADVANCED MICRO DEVICES, INC."
"27.","Fujitsu Ltd","JP","KAWASAKI CITY","6201","C2","2024","Registered address / Incorporation address / Legal address",117237,"6201-VL",NA,NA,"World'Vest Base Inc.","Very large company","112743",112743,"21636473.3826814",21636473.3826814,23399839.3810764,295,"GUO",182,333,6.636,2.81,NA,NA,619190.929178048,1,0,"FUJITSU","FUJITSU LIMITED"
"28.","TELEFONAKTIEBOLAGET LM ERICSSON AB","SE","STOCKHOLM","2630","C1","2024","Registered address / Incorporation address / Legal address",5158,"2630-VL",NA,NA,"World'Vest Base Inc.","Very large company","94236",94236,"25514884.5589793",25514884.5589793,26507401.8544704,279,"GUO",114,218,0.007,21.347,NA,NA,3252215.32304337,1,0,"TELEFONAKTIEBOLAGET LM ERICSSON","TELEFONAKTIEBOLAGET LM ERICSSON AB"
"29.","Super Micro Computer Inc","US","SAN JOSE","2620","C1","2025","Registered address / Incorporation address / Legal address",6920,"2620-VL",NA,NA,"Refinitiv","Very large company","6238",6238,"11961112.7284995",11961112.7284995,14018429,19,"GUO",1020,18,7.482,2.897,NA,NA,3995385.12729798,1,0,"SUPER MICRO COMPUTER","SUPER MICRO COMPUTER, INC."
"30.","Nokia Oyj","FI","ESPOO","2630","C1","2024","Registered address / Incorporation address / Legal address",5158,"2630-VL",NA,NA,"World'Vest Base Inc.","Very large company","80361",80361,"39149000",39149000,40671878.1267405,497,"GUO",180,308,3.262,22.136,NA,NA,3582000,1,0,"NOKIA OYJ","NOKIA OYJ"
"31.","Bharti Airtel Ltd","IN","GURUGRAM","6190","C1","2024","Registered address / Incorporation address / Legal address",47297,"6190-VL",NA,NA,"World'Vest Base Inc.","Very large company","20310",20310,"55572730.1720224",55572730.1720224,60101890.774589,181,"GUO",127,179,6.524,0,NA,NA,17344467.2415731,1,0,"BHARTI AIRTEL","BHARTI AIRTEL LIMITED"
"32.","Infosys Ltd","IN","BANGALORE","6201","C1","2024","Registered address / Incorporation address / Legal address",117237,"6201-VL",NA,NA,"World'Vest Base Inc.","Very large company","n.a.",NA,"16087836.9345786",16087836.9345786,17398990.7504711,179,"GUO",134,181,17.94,0,NA,NA,623620.711378467,1,0,"INFOSYS","INFOSYS LIMITED"
"33.","BAIDU, INC.","KY","GEORGE TOWN","7312","C1","2024","Registered address / Incorporation address / Legal address",7920,"7312-VL",NA,NA,"World'Vest Base Inc.","Very large company","35900",35900,"56412023.1746792",56412023.1746792,58606424.9774814,163,"Controlled subs.",114,34,5.554,16.626,NA,NA,6849805.31993633,0,1,"BAIDU","BAIDU, INC."
"34.","Reliance Jio Infocomm Ltd","IN","AHMEDABAD","6120","C2","2023","Registered address / Incorporation address / Legal address",6636,"6120-VL",NA,NA,"Worldbox","Very large company","n.a.",NA,"54464223.7197888",54464223.7197888,58881258.5717812,428,"Controlled subs.",5,0,4.198,NA,NA,NA,18253518.4520226,0,1,"RELIANCE JIO INFOCOMM","RELIANCE JIO INFOCOMM LIMITED"
"35.","Grupo Financiero Banorte SAB","MX","MONTERREY","6420","C1","2024","Registered address / Incorporation address / Legal address",1323,"BNK-10-VL",NA,NA,"World'Vest Base Inc.","Very large company","n.a.",NA,"117359592.712196",117359592.712196,121924826.989051,25,"GUO",145,28,2.274,NA,NA,NA,NA,1,0,"GRUPO FINANCIERO BANORTE S.A.B. DE C.V.","GRUPO FINANCIERO BANORTE S.A.B. DE C.V."
"36.","Wipro Ltd","IN","BANGALORE","6201","C1","2024","Registered address / Incorporation address / Legal address",117237,"6201-VL",NA,NA,"World'Vest Base Inc.","Very large company","n.a.",NA,"13899870.3673359",13899870.3673359,15032705.5736259,259,"GUO",59,264,10.21,0,NA,NA,930752.8313084,1,0,"WIPRO","WIPRO LIMITED"
"37.","Also Holding AG","CH","EMMEN","4651","C2","2024","Registered address / Incorporation address / Legal address",33732,"4651-VL",NA,NA,"World'Vest Base Inc.","Very large company","4229",4229,"3476574",3476574,3611811.13250899,175,"Controlled subs.",26,79,3.309,0,NA,NA,114411,0,1,"ALSO HOLDING","ALSO HOLDING AG"
"38.","Computer Sciences Corp","US","TYSONS","6209","C1","2016","Registered address / Incorporation address / Legal address",85834,"6209-VL",NA,NA,"World'Vest Base Inc.","Very large company","60000",60000,"8103075.3785878",8103075.3785878,8663000,633,"Controlled subs.",1,84,-1.42,0,NA,NA,2081189.27823593,0,1,"COMPUTER SCIENCE ","COMPUTER SCIENCES CORP"
"39.","REGIONS FINANCIAL CORPORATION","US","BIRMINGHAM","6420","C2","2024","Registered address / Incorporation address / Legal address",1323,"BNK-10-VL",NA,NA,"Moody's Analytics","Very large company","19644",19644,"151564221.371599",151564221.371599,157460000,249,"GUO",1189,767,1.202,NA,NA,NA,NA,1,0,"REGIONS FINANCIAL ","REGIONS FINANCIAL CORPORATION"
"40.","Fortinet Inc","US","SUNNYVALE","2620","C1","2024","Registered address / Incorporation address / Legal address",6920,"2620-VL",NA,NA,"Refinitiv","Very large company","14138",14138,"9397540.00808498",9397540.00808498,9763100,92,"GUO",1676,86,17.875,12.035,NA,NA,957070.400798814,1,0,"FORTINET","FORTINET, INC."
"41.","UNITED RADIO INCORPORATED","US","HEBRON","4690","LF","2024","Registered address / Incorporation address / Legal address",347895,"4690-VL",NA,NA,"BvD Research","Very large company","100",100,"n.a.",NA,NA,6,"GUO",0,5,NA,NA,NA,NA,NA,1,0,"UNITED RADIO","UNITED RADIO INCORPORATED"
"42.","Telekom Austria AG","AT","VIENNA","6190","C2","2024","Registered address / Incorporation address / Legal address",47297,"6190-VL",NA,NA,"World'Vest Base Inc.","Very large company","17298",17298,"9853854",9853854,10237164.3967073,1218,"Controlled subs.",39,48,6.352,0,NA,NA,2333465,0,1,"TELEKOM AUSTRIA","TELEKOM AUSTRIA AG"
"43.","NiSource Inc","US","MERRILLVILLE","3512","C1","2024","Registered address / Incorporation address / Legal address",1102,"3512-VL",NA,NA,"Refinitiv","Very large company","7746",7746,"30597857.394783",30597857.394783,31788100,82,"GUO",996,67,2.371,NA,NA,NA,11622394.2013932,1,0,"NISOURCE","NISOURCE INC"
"44.","Tim Brasil Servicos","BR","RIO DE JANEIRO","6420","C2","2023","Fiscal address",292229,"6420-VL",NA,NA,"BvD Research","Very large company","3",3,"10400348.991748",10400348.991748,11492390.7935254,64,"Controlled subs.",2,1,4.352,NA,NA,NA,1283827.64574204,0,1,"TIM BRASIL SERVICOS E PARTICIPACOES","TIM BRASIL SERVICOS E PARTICIPACOES S.A"
"45.","Alliance Data Systems Corp","US","COLUMBUS","7490","C1","2024","Registered address / Incorporation address / Legal address",509252,"7490-VL",NA,NA,"Refinitiv","Very large company","6000",6000,"22033891.7275326",22033891.7275326,22891000,74,"GUO",121,67,1.21,NA,NA,NA,2256233.55071147,1,0,"BREAD FINANCIAL HOLDING","BREAD FINANCIAL HOLDINGS INC"
"46.","Red Hat Inc","US","RALEIGH","5829","C1","2018","Registered address / Incorporation address / Legal address",77611,"5829-VL",NA,NA,"Refinitiv","Very large company","13360",13360,"4895140.02730788",4895140.02730788,5588289,804,"Controlled subs.",1,63,7.766,19.881,NA,NA,202820.706288251,0,1,"RED HAT","RED HAT INC"
"47.","YAMAHA CORPORATION","JP","HAMAMATSU","3220","C2","2024","Registered address / Incorporation address / Legal address",2297,"3220-VL",NA,NA,"World'Vest Base Inc.","Very large company","18949",18949,"3657482.25996541",3657482.25996541,3955565.95146563,109,"GUO",85,121,2.258,5.832,NA,NA,57143.7143231449,1,0,"YAMAHA ","YAMAHA CORPORATION"
"48.","Bank of the Philippine Islands","PH","MAKATI CITY","6419","C2","2024","Registered address / Incorporation address / Legal address",1178,"BNK-01-VL",NA,NA,"World'Vest Base Inc.","Very large company","22062",22062,"55065096.5290106",55065096.5290106,57207103.5036687,29,"GUO",9,30,1.875,NA,NA,NA,NA,1,0,"BANK OF THE PHILIPPINE ISLANDS","BANK OF THE PHILIPPINE ISLANDS"
"49.","Dropbox Inc","US","SAN FRANCISCO","5829","C1","2024","Registered address / Incorporation address / Legal address",77611,"5829-VL",NA,NA,"Refinitiv","Very large company","2204",2204,"3200694.45513046",3200694.45513046,3325200,28,"Controlled subs.",168,25,13.602,35.904,NA,NA,2452595.17372561,0,1,"DROPBOX","DROPBOX, INC."
"50.","Nutanix Inc","US","SAN JOSE","5829","C1","2025","Registered address / Incorporation address / Legal address",77611,"5829-VL",NA,NA,"Refinitiv","Very large company","7800",7800,"2868421.51924852",2868421.51924852,3283194,32,"GUO",814,9,5.737,29.032,NA,NA,1176439.38603297,1,0,"NUTANIX","NUTANIX, INC."
"51.","Avaya Holdings Corp","US","SANTA CLARA","2630","C1","2022","Registered address / Incorporation address / Legal address",5158,"2630-VL",NA,NA,"Refinitiv","Very large company","n.a.",8063,"4178291.2348496",4178291.2348496,4073000,156,"GUO",3,139,-51.559,8.916,NA,NA,3132949.0378666,1,0,"AVAYA HOLDING ","AVAYA HOLDINGS CORP."
"52.","Orange Belgium SA","BE","BRUSSEL","6190","C1","2024","Registered address / Incorporation address / Legal address",47297,"6190-VL",NA,NA,"World'Vest Base Inc.","Very large company","2965",2965,"4076290",4076290,4234855.80958009,410,"Controlled subs.",12,10,0.543,0,NA,NA,2037352,0,1,"ORANGE BELGIUM","ORANGE BELGIUM S.A"
"53.","Pitney Bowes Inc","US","STAMFORD","2823","C1","2024","Registered address / Incorporation address / Legal address",671,"2823-VL","Retail; financial services; healthcare; and government",NA,"Refinitiv","Very large company","7200",7200,"3270302.72537502",3270302.72537502,3397516,227,"GUO",421,211,-5.993,1.577,NA,NA,1819341.4527457,1,0,"PITNEY BOWES","PITNEY BOWES INC"
"54.","Fitbit Inc","US","WILMINGTON","2651","C1","2019","Registered address / Incorporation address / Legal address",12551,"2651-VL",NA,NA,"Refinitiv","Very large company","1684",1684,"1217808.59725623",1217808.59725623,1368086,605,"Controlled subs.",3,8,-23.442,20.934,NA,NA,0,0,1,"FITBIT","FITBIT, INC."
"55.","Dhl Global Forwarding Gmbh","DE","FRANKFURT","5229","LF","2014","Registered address / Incorporation address / Legal address",52519,"5229-VL",NA,NA,"BvD Research","Very large company","1375",1375,"n.a.",NA,NA,1253,"Controlled subs.",2,4,NA,NA,NA,NA,NA,0,1,"DHL GLOBAL FORWARDING","DHL GLOBAL FORWARDING GMBH"
"56.","Persistent Systems Ltd","IN","PUNE","6209","C1","2024","Registered address / Incorporation address / Legal address",85834,"6209-VL","Technology; telecommunications; life sciences; consumer packaged goods; banking and financial services; and healthcare industries",NA,"World'Vest Base Inc.","Very large company","22205",22205,"943923.415500787",943923.415500787,1020852.88670173,42,"GUO",70,41,16.026,0.178,NA,NA,23301.1794803985,1,0,"PERSISTENT SYSTEM","PERSISTENT SYSTEMS LIMITED"
"57.","Mellanox Technologies Ltd","IL","YOKNEAM","2611","C1","2019","Registered address / Incorporation address / Legal address",20078,"2611-VL",NA,NA,"World'Vest Base Inc.","Very large company","2777",2777,"1886940.78337853",1886940.78337853,2119789,89,"Controlled subs.",1,36,9.675,31.18,NA,NA,0,0,1,"MELLANOX TECHNOLOGY","MELLANOX TECHNOLOGIES, LIMITED"
"58.","VNET GROUP, INC.","KY","GEORGE TOWN","6311","C1","2024","Registered address / Incorporation address / Legal address",35350,"6311-VL",NA,NA,"World'Vest Base Inc.","Very large company","2581",2581,"4266974.15299469",4266974.15299469,4432957.48858342,16,"GUO",15,73,0.566,2.633,NA,NA,1476623.67464821,1,0,"VNET GROUP","VNET GROUP, INC."
"59.","Polycom Inc","US",NA,NA,"U1","2017","Registered address / Incorporation address / Legal address",NA,NA,"Sierra Pacific, Wilson Education Center, Virginia Supreme Court and Medical Missions for Children",NA,"BvD Research","Very large company","n.a.",NA,"809133.948781238",809133.948781238,970394,540,"Controlled subs.",2,42,-8.248,NA,NA,NA,579383.179251354,0,1,"POLYCOM","POLYCOM INC"
"60.","Extreme Networks Inc","US","MORRISVILLE","2630","C1","2025","Registered address / Incorporation address / Legal address",5158,"2630-VL",NA,NA,"Refinitiv","Very large company","2811",2811,"983974.060041589",983974.060041589,1153218,37,"GUO",388,47,-0.647,19.425,NA,NA,139696.197081774,1,0,"EXTREME NETWORKS","EXTREME NETWORKS INC."
"61.","Commvault Systems Inc","US","TINTON FALLS","5829","C1","2024","Registered address / Incorporation address / Legal address",77611,"5829-VL",NA,NA,"Refinitiv","Very large company","3300",3300,"1033995.6676508",1033995.6676508,1118266,35,"GUO",215,35,6.806,14.693,NA,NA,0,1,0,"COMMVAULT SYSTEM","COMMVAULT SYSTEMS, INC."
"62.","InterDigital Inc","US","WILMINGTON","8299","C1","2024","Registered address / Incorporation address / Legal address",307657,"8299-VL",NA,NA,"Refinitiv","Very large company","430",430,"1766801.24279176",1766801.24279176,1835529,43,"GUO",163,39,19.537,15.061,NA,NA,14864.7673735654,1,0,"INTERDIGITAL","INTERDIGITAL, INC."
"63.","COMPUWARE CORPORATION","US","DETROIT","5829","C1","2013","Registered address / Incorporation address / Legal address",77611,"5829-VL",NA,NA,"Refinitiv","Very large company","3066",3066,"1448439.91151399",1448439.91151399,1997109,31,"Controlled subs.",1,31,3.584,11.957,NA,NA,0,0,1,"COMPUWARE ","COMPUWARE CORPORATION"
"64.","Concur Technologies Inc","US","BELLEVUE","5829","C1","2014","Registered address / Incorporation address / Legal address",77611,"5829-VL",NA,NA,"Refinitiv","Very large company","4900",4900,"1506906.06417615",1506906.06417615,1896140,479,"Controlled subs.",2,37,-6.239,12.435,NA,NA,319788.586899617,0,1,"CONCUR TECHNOLOGY","CONCUR TECHNOLOGIES INC"
"65.","Blackberry Ltd","CA","WATERLOO","2630","C1","2024","Registered address / Incorporation address / Legal address",5158,"2630-VL",NA,NA,"World'Vest Base Inc.","Very large company","n.a.",NA,"1244453.6647974",1244453.6647974,1295600,62,"GUO",288,69,-6.098,22.967,NA,NA,187590.151848512,1,0,"BLACKBERRY","BLACKBERRY LIMITED"
"66.","Silicon Graphics International","US","WILMINGTON","2620","C1","2016","Registered address / Incorporation address / Legal address",6920,"2620-VL",NA,NA,"Refinitiv","Very large company","1100",1100,"320779.125171359",320779.125171359,356129,377,"Controlled subs.",1,14,-3.139,9.113,NA,NA,54694.6472729131,0,1,"SILICON GRAPHICS INTERNATIONAL ","SILICON GRAPHICS INTERNATIONAL CORP"
"67.","Cray Inc","US","SEATTLE","2620","C1","2018","Registered address / Incorporation address / Legal address",6920,"2620-VL",NA,NA,"Refinitiv","Very large company","1287",1287,"451643.440536198",451643.440536198,517132,377,"Controlled subs.",1,23,-13.861,25.26,NA,NA,0,0,1,"CRAY","CRAY INC."
"68.","BioTelemetry Inc","US","MALVERN","3250","C1","2019","Registered address / Incorporation address / Legal address",16657,"3250-VL",NA,NA,"Refinitiv","Very large company","1700",1700,"610397.088567929",610397.088567929,685720,650,"Controlled subs.",3,20,4.352,3.187,NA,NA,170119.302908467,0,1,"BIOTELEMETRY","BIOTELEMETRY INC"
"69.","Oechsler AG","DE","ANSBACH","2229","C2","2023","Registered address / Incorporation address / Legal address",32253,"2229-VL",NA,NA,"Creditreform Germany","Very large company","2690",2690,"398130",398130,439933.847436905,9,"GUO",1,7,1.439,4.572,NA,NA,69216,1,0,"OECHSLER","OECHSLER AG"
"70.","Santander Consumer Bank Sa","PL","WROCLAW","6419","U1","2024","Registered address / Incorporation address / Legal address",2802,"BNK-01-LA",NA,NA,"World'Vest Base Inc.","Very large company","n.a.",NA,"5274949.87556165",5274949.87556165,5480143.00399777,1036,"Controlled subs.",3,2,0.2,NA,NA,NA,NA,0,1,"SANTANDER CONSUMER BANK","SANTANDER CONSUMER BANK SA"
"71.","PlayAGS Inc","US","LAS VEGAS","3299","C1","2024","Registered address / Incorporation address / Legal address",89075,"3299-VL",NA,NA,"Refinitiv","Very large company","916",916,"683022.729401219",683022.729401219,709592,35,"Controlled subs.",9,26,7.278,11.819,NA,NA,510525.781482127,0,1,"PLAYAGS","PLAYAGS, INC."
"72.","ITC Infotech India Ltd(ITC)","IN","KOLKATA","6499","U1","2024","Registered address / Incorporation address / Legal address",50018,"6499-VL",NA,NA,"Worldbox","Very large company","n.a.",NA,"295480.827914157",295480.827914157,319562.425497361,46,"Controlled subs.",8,12,17.062,NA,NA,NA,45266.5227730833,0,1,"ITC INFOTECH INDIA","ITC INFOTECH INDIA LIMITED"
"73.","Ariba Inc","AU",NA,"6202","U1","2010","Registered address / Incorporation address / Legal address",77894,"6202-VL",NA,NA,"Equifax","Very large company","n.a.",NA,"528801.939061073",528801.939061073,721709,0,"Single location",0,0,2.27,NA,NA,NA,NA,0,0,"ARIBA","ARIBA INC"
"74.","Virgin Pulse Inc","US","PROVIDENCE","6201","LF","2024","Registered address / Incorporation address / Legal address",117237,"6201-VL",NA,NA,"Cortera","Very large company","840",840,"n.a.",NA,NA,5,"GUO",0,4,NA,NA,NA,NA,NA,1,0,"VIRGIN PULSE","VIRGIN PULSE, INC."
"75.","BBTV","CA","VANCOUVER, BRITISH COLUMBIA","6209","C1","2022","Registered address / Incorporation address / Legal address",85834,"6209-VL",NA,NA,"World'Vest Base Inc.","Very large company","n.a.",NA,"136421.97913177",136421.97913177,145507.613129139,0,"Single location",0,0,-99.668,1.302,NA,NA,32733.5831888669,0,0,"BBTV HOLDING","BBTV HOLDINGS INC."
"76.","Materialise NV","BE","HEVERLEE","5829","C1","2024","Registered address / Incorporation address / Legal address",77611,"5829-VL",NA,NA,"World'Vest Base Inc.","Very large company","2514",2514,"396336",396336,411753.288442612,34,"Controlled subs.",9,31,3.39,15.562,NA,NA,28287,0,1,"MATERIALISE","MATERIALISE NV"
"77.","Agilysys Inc","US","ALPHARETTA","4652","C1","2024","Registered address / Incorporation address / Legal address",61458,"4652-VL",NA,NA,"Refinitiv","Very large company","2200",2200,"401636.728790358",401636.728790358,434370,29,"GUO",90,28,5.347,22.644,NA,NA,22191.4070745415,1,0,"AGILYSYS","AGILYSYS, INC."
"78.","Betmgm LLC","US","JERSEY CITY","9329","LF","2024","Registered address / Incorporation address / Legal address",97897,"9329-VL",NA,NA,"Cortera","Very large company","140",140,"n.a.",NA,NA,0,"Independent co",1,0,NA,NA,NA,NA,NA,0,0,"BETMGM","BETMGM, LLC"
"79.","Vivotek Inc","TW","CHUNG-HO","2630","C2","2024","Registered address / Incorporation address / Legal address",5158,"2630-VL",NA,NA,"World'Vest Base Inc.","Very large company","n.a.",NA,"185562.291149533",185562.291149533,192780.579083823,187,"Controlled subs.",24,11,4.678,9.768,NA,NA,4484.67994340718,0,1,"VIVOTEK","VIVOTEK INC."
"80.","Alabama State University","US","MONTGOMERY","8541","LF","2024","Registered address / Incorporation address / Legal address",10184,"8541-VL",NA,NA,"Cortera","Very large company","170",170,"n.a.",NA,NA,2,"GUO",1,1,NA,NA,NA,NA,NA,1,0,"ALABAMA STATE UNIVERSITY","ALABAMA STATE UNIVERSITY"
"81.","NCS Technologies Inc","US","GAINESVILLE","2620","LF","2024","Registered address / Incorporation address / Legal address",6920,"2620-VL","Government; military; office; education; and enterprise markets",NA,"Cortera","Very large company","75",75,"n.a.",NA,NA,0,"Independent co",1,0,NA,NA,NA,NA,NA,0,0,"NCS TECHNOLOGY","NCS TECHNOLOGIES, INC."
"82.","Mitek Systems Inc","US","SAN DIEGO","2620","C1","2024","Registered address / Incorporation address / Legal address",6920,"2620-VL",NA,"San Diego","Refinitiv","Very large company","630",630,"369554.246747645",369554.246747645,413753,14,"GUO",235,11,0.792,20.131,NA,NA,130404.588194896,1,0,"MITEK SYSTEM","MITEK SYSTEMS, INC."
"83.","RealD Inc","US","BEVERLY HILLS","2630","C1","2014","Registered address / Incorporation address / Legal address",5158,"2630-VL",NA,NA,"Refinitiv","Very large company","162",162,"213443.542203274",213443.542203274,229644,10,"Controlled subs.",4,11,-10.373,9.792,NA,NA,20801.1812828084,0,1,"REALD","REALD INC"
"84.","Google Cloud Platform","US",NA,"6420","LF","2024","Address abroad",292229,"6420-VL",NA,NA,"TransUnion Brasil","Very large company","3",3,"n.a.",NA,NA,605,"Branch location",1,0,NA,NA,NA,NA,NA,0,0,"GOOGLE","GOOGLE LLC"
"85.","VIA optronics AG","DE","NUERNBERG","2611","C2","2023","Registered address / Incorporation address / Legal address",20078,"2611-VL",NA,NA,"World'Vest Base Inc.","Very large company","616",616,"101165",101165,111787.3751688,8,"Controlled subs.",4,7,-31.678,4.915,NA,NA,6791,0,1,"VIA OPTRONICS HOLDING","VIA OPTRONICS HOLDING AG"
"86.","SOLIZE Corp","JP","CHIYODA, TOKYO","1812","C2","2024","Registered address / Incorporation address / Legal address",53711,"1812-VL",NA,NA,"World'Vest Base Inc.","Very large company","2167",2167,"94922.3131619607",94922.3131619607,98614.7475652397,0,"Independent co",2,8,1.644,1.281,NA,NA,0,0,0,"SOLIZE HOLDING ","SOLIZE HOLDINGS CORPORATION"
"87.","Rice University","US","HOUSTON","8541","LF","2022","Registered address / Incorporation address / Legal address",10184,"8541-VL",NA,NA,"Cortera","Very large company","7100",7100,"n.a.",NA,NA,2,"Controlled subs.",1,0,NA,NA,NA,NA,NA,0,1,"WILLIAM MARSH RICE UNIVERSITY-MS","WILLIAM MARSH RICE UNIVERSITY-MS"
"88.","General Electric Co","US","LOUISVILLE","2790","LF","2021","Registered address / Incorporation address / Legal address",11936,"2790-VL",NA,NA,"Cortera","Very large company","10",10,"n.a.",NA,NA,1419,"Controlled subs.",1,0,NA,NA,NA,NA,NA,0,1,"GENERAL ELECTRICMANUEL","GENERAL ELECTRIC CO MANUEL"
"89.","Lantronix Inc","US","FELTON","2630","C1","2025","Registered address / Incorporation address / Legal address",5158,"2630-VL",NA,NA,"Refinitiv","Very large company","351",351,"105564.809651311",105564.809651311,123722,23,"GUO",86,14,-9.192,15.129,NA,NA,7439.41720429495,1,0,"LANTRONIX","LANTRONIX INC"
"90.","Mediakind Inc","US","FRISCO","6201","LF","2024","Registered address / Incorporation address / Legal address",117237,"6201-VL",NA,NA,"Cortera","Very large company","75",75,"n.a.",NA,NA,0,"Single location",0,0,NA,NA,NA,NA,NA,0,0,"MEDIAKIND","MEDIAKIND INC."
"91.","Celonis Inc","US","NEW YORK","6201","LF","2024","Registered address / Incorporation address / Legal address",117237,"6201-VL",NA,NA,"Cortera","Very large company","250",250,"n.a.",NA,NA,2,"GUO",0,1,NA,NA,NA,NA,NA,1,0,"CELONIS","CELONIS, INC."
"92.","Docker Inc","US","PALO ALTO","5829","LF","2024","Operational address",77611,"5829-VL",NA,NA,"BvD Research","Very large company","70",70,"n.a.",NA,NA,13,"GUO",14,9,NA,NA,NA,NA,NA,1,0,"DOCKER","DOCKER INC"
"93.","Infinidat Inc","US","WALTHAM","2823","LF","2024","Registered address / Incorporation address / Legal address",671,"2823-VL",NA,NA,"Cortera","Very large company","200",200,"n.a.",NA,NA,0,"Independent co",6,0,NA,NA,NA,NA,NA,0,0,"INFINIDAT","INFINIDAT, INC."
"94.","Xplore Technologies Corp","US","AUSTIN","2620","C1","2017","Registered address / Incorporation address / Legal address",6920,"2620-VL",NA,NA,"Refinitiv","Large company","n.a.",NA,"51601.3056825195",51601.3056825195,63578,135,"Controlled subs.",2,5,0.472,3.862,NA,NA,0,0,1,"XPLORE TECHNOLOGY ","XPLORE TECHNOLOGIES CORP."
"95.","The Knot Worldwide Inc","US","CHEVY CHASE","4690","LF","2024","Registered address / Incorporation address / Legal address",347895,"4690-VL",NA,"Chevy Chase","Cortera","Large company","80",80,"n.a.",NA,NA,0,"Single location",0,0,NA,NA,NA,NA,NA,0,0,"THE KNOT WORLDWIDE","THE KNOT WORLDWIDE INC."
"96.","Ramco Systems Ltd","IN","CHENNAI","6209","C1","2024","Registered address / Incorporation address / Legal address",85834,"6209-VL",NA,NA,"World'Vest Base Inc.","Very large company","1668",1668,"72257.0259595525",72257.0259595525,78145.9515930712,22,"GUO",36,24,-5.121,0,NA,NA,4338.2263381808,1,0,"RAMCO SYSTEM","RAMCO SYSTEMS LIMITED"
"97.","Aurora World Inc","US","PICO RIVERA","3240","LF","2024","Registered address / Incorporation address / Legal address",5436,"3240-VL","Major zoos, department stores, high-end toy stores and top gift chains, as well as hospital gift shops, fine florists, candy stores and gift/stationery stores worldwide",NA,"Cortera","Large company","110",110,"n.a.",NA,NA,0,"Single location",0,0,NA,NA,NA,NA,NA,0,0,"AURORA WORLD","AURORA WORLD, INC."
"98.","NBA","US","SECAUCUS","9312","LF","2024","Registered address / Incorporation address / Legal address",31870,"9312-VL",NA,NA,"Cortera","Large company","90",90,"n.a.",NA,NA,0,"Single location",0,0,NA,NA,NA,NA,NA,0,0,"NBA SERVICE ","NBA SERVICES CORP."
"99.","CONSUMER CELLULAR INCORPORATED","US","PORTLAND","6612","LF","2022","Registered address / Incorporation address / Legal address",45940,"6612-VL",NA,NA,"Cortera","Large company","656",656,"n.a.",NA,NA,383,"Controlled subs.",1,0,NA,NA,NA,NA,NA,0,1,"CONSUMER CELLULAR","CONSUMER CELLULAR INCORPORATED"
"100.","Influential","US","LAS VEGAS","7490","LF","2024","Registered address / Incorporation address / Legal address",509252,"7490-VL",NA,NA,"Cortera","Large company","60",60,"n.a.",NA,NA,0,"Single location",0,0,NA,NA,NA,NA,NA,0,0,"THE INFLUENTIAL NETWORK","THE INFLUENTIAL NETWORK INC."
"101.","Mclaren Technology Group Ltd","GB","WOKING","6420","U2","2024","Registered address / Incorporation address / Legal address",292229,"6420-VL",NA,NA,"Vistra","Very large company","90",90,"48360.9694518172",48360.9694518172,50242.1889610291,146,"Controlled subs.",2,3,4.435,NA,NA,NA,3656.53754245162,0,1,"MCLAREN SERVICE","MCLAREN SERVICES LIMITED"
"102.","ANGULERIS HOLDINGS LLC","US","ELGIN","6190","LF","2024","Registered address / Incorporation address / Legal address",47297,"6190-VL",NA,NA,"Cortera","Large company","30",30,"n.a.",NA,NA,5,"GUO",0,4,NA,NA,NA,NA,NA,1,0,"ANGULERIS HOLDING","ANGULERIS HOLDINGS LLC"
"103.","2XU Pty Ltd","AU","CREMORNE","3299","U1","2016","Registered address / Incorporation address / Legal address",89075,"3299-VL",NA,NA,"Equifax","Large company","98",98,"49939.99193874",49939.99193874,55443.3814221883,8,"Controlled subs.",2,1,4.742,NA,NA,NA,0,0,1,"2XU","2XU PTY LTD"
"104.","Shape Security Inc","US","WILMINGTON","2620","C1","2018","Registered address / Incorporation address / Legal address",6920,"2620-VL",NA,NA,"BvD Research","Large company","n.a.",NA,"37219.0586779866",37219.0586779866,42757.233,44,"Controlled subs.",1,1,-72.959,NA,NA,NA,-24889.9760193624,0,1,"SHAPE SECURITY","SHAPE SECURITY , INC."
"105.","ITEC Entertainment Corp","US","ORLANDO","9329","LF","2024","Registered address / Incorporation address / Legal address",97897,"9329-VL","Coca Cola Company; Foot Locker Stores; EA Sports; Nurburgring GmbH; Planet Hollywood; Sea World of Florida; Sony",NA,"Cortera","Large company","12",12,"n.a.",NA,NA,8,"Controlled subs.",1,1,NA,NA,NA,NA,NA,0,1,"ITEC ENTERTAINMENT","ITEC ENTERTAINMENT LLC"
"106.","Dreamgear LLC","US","TORRANCE","3240","LF","2024","Registered address / Incorporation address / Legal address",5436,"3240-VL",NA,"Torrance","Cortera","Large company","60",60,"n.a.",NA,NA,2,"GUO",1,1,NA,NA,NA,NA,NA,1,0,"DREAMGEAR","DREAMGEAR, LLC"
"107.","Immersion Corp","US","SAN JOSE","2620","C1","2023","Registered address / Incorporation address / Legal address",6920,"2620-VL",NA,NA,"Refinitiv","Very large company","14",14,"195231.586590568",195231.586590568,215731,15,"GUO",199,23,15.749,0.828,NA,NA,0,1,0,"IMMERSION ","IMMERSION CORP"
"108.","Oyen Digital LLC","US","SAINT PAUL","2620","LF","2024","Registered address / Incorporation address / Legal address",6920,"2620-VL",NA,NA,"Cortera","Large company","11",11,"n.a.",NA,NA,0,"Independent co",1,0,NA,NA,NA,NA,NA,0,0,"OYEN DIGITAL","OYEN DIGITAL LLC"
"109.","MarketsandMarkets Research","IN","PUNE","7320","C2","2024","Registered address / Incorporation address / Legal address",15214,"7320-VL",NA,NA,"Worldbox","Large company","n.a.",NA,"39833.005838286",39833.005838286,43079.3836960252,3,"GUO",9,2,0.886,NA,NA,NA,47.614284044437,1,0,"MARKETSANDMARKETS RESEARCH PRIVATE","MARKETSANDMARKETS RESEARCH PRIVATE LIMITED"
"110.","Anaconda Inc","US","AUSTIN","6201","LF","2024","Registered address / Incorporation address / Legal address",117237,"6201-VL",NA,NA,"Cortera","Large company","12",12,"n.a.",NA,NA,4,"GUO",2,3,NA,NA,NA,NA,NA,1,0,"ANACONDA","ANACONDA, INC."
"111.","Rogue Wave Software Inc","US","BOULDER","5829","C1","2003","Registered address / Incorporation address / Legal address",77611,"5829-VL","Financial services, telecommunications, energy, aerospace and defense, government laboratories, academia, independent software vendors (ISVs), and Original Equipment Manufacturers (OEMs) sectors",NA,"Refinitiv","Large company","104",104,"34927.0233385243",34927.0233385243,40698,576,"Controlled subs.",2,6,3.806,18.941,NA,NA,0,0,1,"ROGUE WAVE SOFTWARE","ROGUE WAVE SOFTWARE INC"
"112.","Petrosoft Llc","US","PITTSBURGH","7112","LF","2024","Registered address / Incorporation address / Legal address",271595,"7112-VL",NA,NA,"Cortera","Large company","75",75,"n.a.",NA,NA,2,"GUO",0,1,NA,NA,NA,NA,NA,1,0,"PETROSOFT","PETROSOFT, LLC"
"113.","Avitru LLC","US","SALT LAKE CITY","7490","LF","2024","Registered address / Incorporation address / Legal address",509252,"7490-VL",NA,NA,"Cortera","Large company","18",18,"n.a.",NA,NA,0,"Single location",0,0,NA,NA,NA,NA,NA,0,0,"AVITRU","AVITRU LLC"
"114.","Steinberg Media Technologies","DE","HAMBURG","6201","U1","2023","Registered address / Incorporation address / Legal address",117237,"6201-VL","Film industry",NA,"Creditreform Germany","Large company","198",198,"12603.41106",12603.41106,13625.5445286128,109,"Controlled subs.",1,1,-46.723,NA,NA,NA,0,0,1,"STEINBERG MEDIA TECHNOLOGY","STEINBERG MEDIA TECHNOLOGIES GMBH"
"115.","ipoque GmbH","DE","LEIPZIG","6201","U1","2023","Registered address / Incorporation address / Legal address",117237,"6201-VL",NA,NA,"Creditreform Germany","Large company","6",6,"35823.28297",35823.28297,38925.5730710659,90,"Controlled subs.",2,0,-47.738,NA,NA,NA,0,0,1,"IPOQUE","IPOQUE GMBH"
"116.","GrandPAD Inc","US","HOPKINS","9412","LF","2024","Registered address / Incorporation address / Legal address",14229,"9412-VL",NA,NA,"Cortera","Large company","10",10,"n.a.",NA,NA,0,"Single location",0,0,NA,NA,NA,NA,NA,0,0,"GRANDPAD","GRANDPAD INC."
"117.","Promise Technology Inc","TW","HSINCHU","2620","C2","2024","Registered address / Incorporation address / Legal address",6920,"2620-VL","Dell; Fujitsu Siemens; Fujitsu; Gateway; HP; Intel; Maxtor; Micron; NEC; Western Digital; ASUS; Gigabyte; MSI and Apple; Dell; Fujitsu Siemens; Fujitsu; Gateway; HP; Intel; Maxtor; Micron; NEC; Western Digital; ASUS; Gigabyte; MSI and Apple","Hsinchu","World'Vest Base Inc.","Very large company","n.a.",NA,"30596.2811976005",30596.2811976005,31786.4624894708,5,"GUO",11,5,-14.602,20.367,NA,NA,1306.78248817459,1,0,"PROMISE TECHNOLOGY","PROMISE TECHNOLOGY INC"
"118.","Cure Sma","US","ELK GROVE VILLAGE","7490","LF","2024","Registered address / Incorporation address / Legal address",509252,"7490-VL",NA,NA,"Cortera","Large company","8",8,"n.a.",NA,NA,0,"Single location",0,0,NA,NA,NA,NA,NA,0,0,"CURE SMA","CURE SMA"
"119.","Newforma Inc","US","MANCHESTER","6619","LF","2022","Registered address / Incorporation address / Legal address",134483,"6619-VL",NA,NA,"Cortera","Large company","110",110,"n.a.",NA,NA,9,"Controlled subs.",1,5,NA,NA,NA,NA,NA,0,1,"NEWFORMA","NEWFORMA, INC."
"120.","LiquidCool Solutions Inc","US","ROCHESTER","2620","LF","2024","Registered address / Incorporation address / Legal address",6920,"2620-VL",NA,NA,"Cortera","Large company","5",5,"n.a.",NA,NA,0,"Single location",0,0,NA,NA,NA,NA,NA,0,0,"LIQUIDCOOL SOLUTIONS","LIQUIDCOOL SOLUTIONS, INC."
"121.","Med Tech Solutions","US","TULSA","4690","LF","2024","Registered address / Incorporation address / Legal address",347895,"4690-VL",NA,NA,"Cortera","Large company","13",13,"n.a.",NA,NA,2,"GUO",1,1,NA,NA,NA,NA,NA,1,0,"MED TECH SOLUTIONS","MED TECH SOLUTIONS, LLC"
"122.","Leidos Inc","US","WEBSTER","6201","LF","2018","Registered address / Incorporation address / Legal address",117237,"6201-VL",NA,NA,"Cortera","Large company","63",63,"n.a.",NA,NA,295,"Branch location",1,0,NA,NA,NA,NA,NA,0,0,"LEIDOS","LEIDOS INC"
"123.","Scality Inc","US","SAN FRANCISCO","6201","LF","2024","Registered address / Incorporation address / Legal address",117237,"6201-VL",NA,NA,"Cortera","Large company","11",11,"n.a.",NA,NA,4,"GUO",13,3,NA,NA,NA,NA,NA,1,0,"SCALITY","SCALITY, INC."
"124.","Cardinality Ltd","GB","READING","5829","U2","2024","Registered address / Incorporation address / Legal address",77611,"5829-VL",NA,NA,"Vistra","Large company","14",14,"4537.18466168747",4537.18466168747,4713.679062011,84,"Controlled subs.",2,1,5.211,NA,NA,NA,1509.3638736124,0,1,"ELISA POLYSTAR UK","ELISA POLYSTAR UK LTD"
"125.","Abaco Systems Inc","US","EL PASO","7490","LF","2021","Registered address / Incorporation address / Legal address",509252,"7490-VL",NA,NA,"Cortera","Large company","7",7,"n.a.",NA,NA,2,"Controlled subs.",1,0,NA,NA,NA,NA,NA,0,1,"ABACO SYSTEM","ABACO SYSTEMS INC"
"126.","Core Avionics & Industrial Inc","US","TAMPA","6201","LF","2024","Registered address / Incorporation address / Legal address",117237,"6201-VL",NA,NA,"Cortera","Large company","6",6,"n.a.",NA,NA,5,"Controlled subs.",1,1,NA,NA,NA,NA,NA,0,1,"CORE AVIONICS & INDUSTRIAL","CORE AVIONICS & INDUSTRIAL INC"
"127.","REALTECH AG","DE","LEIMEN","6209","C2","2024","Registered address / Incorporation address / Legal address",85834,"6209-VL",NA,NA,"World'Vest Base Inc.","Very large company","69",69,"8286",8286,8608.32159590721,2,"GUO",7,1,2.028,0,NA,NA,87,1,0,"REALTECH","REALTECH AG"
"128.","ImmersiveTouch Inc","US","WESTMONT","8552","LF","2024","Registered address / Incorporation address / Legal address",47590,"8552-VL",NA,NA,"Cortera","Large company","20",20,"n.a.",NA,NA,0,"Independent co",2,0,NA,NA,NA,NA,NA,0,0,"IMMERSIVETOUCH","IMMERSIVETOUCH INC"
"129.","Lynk Labs Inc","US","ELGIN","7211","LF","2024","Registered address / Incorporation address / Legal address",9948,"7211-VL",NA,NA,"Cortera","Medium sized company","8",8,"n.a.",NA,NA,2,"GUO",0,1,NA,NA,NA,NA,NA,1,0,"LYNK LABS","LYNK LABS INC"
"130.","Usa Triathlon","US","COLORADO SPRINGS","9319","LF","2024","Registered address / Incorporation address / Legal address",28880,"9319-VL",NA,NA,"Cortera","Medium sized company","83",83,"n.a.",NA,NA,0,"Single location",0,0,NA,NA,NA,NA,NA,0,0,"USA TRIATHLON","USA TRIATHLON"
"131.","Harrison Audio LLC","US","SMYRNA","2640","LF","2024","Registered address / Incorporation address / Legal address",2399,"2640-VL",NA,NA,"Cortera","Medium sized company","6",6,"n.a.",NA,NA,28,"Controlled subs.",1,0,NA,NA,NA,NA,NA,0,1,"HARRISON AUDIO","HARRISON AUDIO LLC"
"132.","Mobix Labs Inc","KY",NA,"2611","C1","2024","Registered address / Incorporation address / Legal address",47209,"2611-LA",NA,NA,"World'Vest Base Inc.","Large company","50",50,"34912.4632253348",34912.4632253348,39088,2,"GUO",11,1,-52.945,89.708,NA,NA,1145.05162338516,1,0,"MOBIX LABS","MOBIX LABS, INC."
"133.","Concurrent Computer Corp","US","DULUTH","2620","C1","2020","Registered address / Incorporation address / Legal address",6920,"2620-VL",NA,NA,"Refinitiv","Very large company","6",6,"62377.2383608811",62377.2383608811,69850,11,"GUO",1,11,17.509,NA,NA,NA,0,1,0,"CCUR HOLDING","CCUR HOLDINGS, INC."
"134.","Avertium","US","NASHVILLE","6201","LF","2024","Registered address / Incorporation address / Legal address",117237,"6201-VL",NA,NA,"Cortera","Large company","430",430,"n.a.",NA,NA,0,"Single location",0,0,NA,NA,NA,NA,NA,0,0,"AVERTIUM","AVERTIUM, LLC"
"135.","StoneFly Inc","US","CASTRO VALLEY","4651","LF","2024","Registered address / Incorporation address / Legal address",33732,"4651-VL",NA,NA,"Cortera","Medium sized company","10",10,"n.a.",NA,NA,2,"GUO",1,1,NA,NA,NA,NA,NA,1,0,"STONEFLY","STONEFLY, INC."
"136.","Suning Appliance Co Ltd","CN","GUIYANG","4643","U1","2023","Registered address / Incorporation address / Legal address",49712,"4643-VL",NA,NA,"3ACredit","Medium sized company","6",6,"1280.84721840081",1280.84721840081,1415.33681151867,2,"Controlled subs.",2,0,0.421,NA,NA,NA,0,0,1,"GUIZHOU SUNING APPLIANCE ","GUIZHOU SUNING APPLIANCE CO., LTD."
"137.","Los Angeles Football Club","US","LOS ANGELES","9312","LF","2024","Registered address / Incorporation address / Legal address",31870,"9312-VL",NA,NA,"Cortera","Medium sized company","3",3,"n.a.",NA,NA,0,"Single location",0,0,NA,NA,NA,NA,NA,0,0,"LOS ANGELES FOOTBALL CLUB","LOS ANGELES FOOTBALL CLUB"
"138.","Facetec Inc","US","LAS VEGAS","8130","LF","2024","Registered address / Incorporation address / Legal address",56207,"8130-VL",NA,NA,"Cortera","Medium sized company","12",12,"n.a.",NA,NA,0,"Independent co",1,0,NA,NA,NA,NA,NA,0,0,"FACETEC","FACETEC, INC."
"139.","Snic Solutions","US","IRVING","4651","LF","2019","Registered address / Incorporation address / Legal address",33732,"4651-VL",NA,NA,"Cortera","Medium sized company","7",7,"n.a.",NA,NA,0,"Independent co",1,0,NA,NA,NA,NA,NA,0,0,"SNIC SOLUTIONS","SNIC SOLUTIONS, INC."
"140.","AMERICAN LEISURE MARKETING & TECHNOLOGY, INC.","US","CORAL GABLES","6420","LF","2024","Registered address / Incorporation address / Legal address",292229,"6420-VL",NA,NA,"Cortera","Very large company","10",10,"n.a.",NA,NA,4,"GUO",0,3,NA,NA,NA,NA,NA,1,0,"AMERICAN LEISURE MARKETING & TECHNOLOGY","AMERICAN LEISURE MARKETING & TECHNOLOGY, INC."
"141.","ARHT Media Inc","CA","TORONTO","2611","C1","2023","Registered address / Incorporation address / Legal address",47209,"2611-LA",NA,NA,"World'Vest Base Inc.","Very large company","n.a.",NA,"2361.07650854163",2361.07650854163,2608.99071282148,5,"GUO",6,4,NA,0,NA,NA,1353.57465060366,1,0,"ARHT MEDIA","ARHT MEDIA INC"
"142.","Redarc Electronics Pty Ltd","AU","ADELAIDE","2611","LF","2015","Registered address / Incorporation address / Legal address",47209,"2611-LA",NA,NA,"Equifax","Medium sized company","15",15,"n.a.",NA,NA,4,"GUO",2,2,NA,NA,NA,NA,NA,1,0,"REDARC ELECTRONIC","REDARC ELECTRONICS PTY LTD"
"143.","Tlc Creative","US","MARINA DEL REY","9002","LF","2024","Registered address / Incorporation address / Legal address",14799,"9002-VL",NA,NA,"Cortera","Medium sized company","10",10,"n.a.",NA,NA,0,"Single location",0,0,NA,NA,NA,NA,NA,0,0,"TLC CREATIVE SPECIAL EFFECTS","TLC CREATIVE SPECIAL EFFECTS, INC."
"144.","ALPINE LABS LLC","US","BOULDER","4743","LF","2024","Registered address / Incorporation address / Legal address",58168,"4743-VL",NA,NA,"Cortera","Medium sized company","6",6,"n.a.",NA,NA,0,"Independent co",2,0,NA,NA,NA,NA,NA,0,0,"ALPINE LABS","ALPINE LABS LLC"
"145.","AVEC, CORP","US","MIAMI","7112","LF","2019","Registered address / Incorporation address / Legal address",271595,"7112-VL",NA,NA,"Cortera","Medium sized company","8",8,"n.a.",NA,NA,0,"Single location",0,0,NA,NA,NA,NA,NA,0,0,"AVEC ","AVEC, CORP"
"146.","Cleveland Clinic Foundation","US","BRUNSWICK","8299","LF","2022","Registered address / Incorporation address / Legal address",307657,"8299-VL",NA,NA,"MeritDirect","Medium sized company","50",50,"329.083225581839",329.083225581839,351,0,"Single location",0,0,NA,NA,NA,NA,8438.03142517535,0,0,"CLEVELAND CLINIC FOUNDATION","CLEVELAND CLINIC FOUNDATION"
"147.","Nuheara Ltd","AU","WEST PERTH","2441","C1","2023","Registered address / Incorporation address / Legal address",2021,"2441-LA",NA,NA,"World'Vest Base Inc.","Very large company","n.a.",NA,"7943.06358038235",7943.06358038235,8630.93151080608,4,"GUO",27,3,-96.927,0,NA,NA,1490.62101143602,1,0,"NUHEARA","NUHEARA LIMITED"
"148.","SACEM","FR","CIVRIEUX","2511","U1","2024","Registered address / Incorporation address / Legal address",63675,"2511-LA",NA,NA,"Ellisphere","Medium sized company","n.a.",NA,"1444.742",1444.742,1500.94180052066,11,"Controlled subs.",2,0,-8.637,NA,1.686,39.507,0,0,1,"EI SACEM","EI SACEM"
"149.","Vector Media Group","US","NEW YORK","6201","LF","2024","Registered address / Incorporation address / Legal address",117237,"6201-VL",NA,NA,"Cortera","Medium sized company","12",12,"n.a.",NA,NA,7,"GUO",4,6,NA,NA,NA,NA,NA,1,0,"VECTOR MEDIA GROUP","VECTOR MEDIA GROUP INC"
"150.","Panasonic Computer Solutions","US","SECAUCUS","4741","LF","2016","Registered address / Incorporation address / Legal address",66277,"4741-VL",NA,NA,"Cortera","Medium sized company","4",4,"n.a.",NA,NA,0,"Single location",0,0,NA,NA,NA,NA,NA,0,0,"PANASONIC COMPUTER SOLUTIONS ","PANASONIC COMPUTER SOLUTIONS CO"
"151.","Ias Inc","US","HOUSTON","4741","LF","2024","Registered address / Incorporation address / Legal address",66277,"4741-VL",NA,NA,"Cortera","Medium sized company","5",5,"n.a.",NA,NA,2,"GUO",0,1,NA,NA,NA,NA,NA,1,0,"IAS","IAS, INC."
"152.","Lingo Media Corp","CA","TORONTO","5811","C1","2024","Registered address / Incorporation address / Legal address",15533,"5811-VL",NA,NA,"World'Vest Base Inc.","Very large company","n.a.",NA,"2573.5170437001",2573.5170437001,2673.62567520142,6,"GUO",3,5,-1.614,0,NA,NA,NA,1,0,"EVERYBODY LOVES LANGUAGES ","EVERYBODY LOVES LANGUAGES CORP."
"153.","Beyond Software","US","DOVER","5829","LF","2024","Registered address / Incorporation address / Legal address",77611,"5829-VL",NA,NA,"Cortera","Medium sized company","2",2,"n.a.",NA,NA,0,"Single location",0,0,NA,NA,NA,NA,NA,0,0,"BEYOND SOFTWARE","BEYOND SOFTWARE LLC"
"154.","SteelCloud inc","US","ASHBURN","2620","C1","2009","Registered address / Incorporation address / Legal address",15816,"2620-LA",NA,NA,"Refinitiv","Medium sized company","15",15,"383.182612679009",383.182612679009,567.11,2,"GUO",0,1,NA,15.35,NA,NA,0,1,0,"STEELCLOUD","STEELCLOUD INC"
"155.","VMware Inc","US","ROSEVILLE","5829","LF","2023","Registered address / Incorporation address / Legal address",77611,"5829-VL",NA,NA,"Cortera","Medium sized company","2",2,"n.a.",NA,NA,0,"Single location",0,0,NA,NA,NA,NA,NA,0,0,"VMWARE","VMWARE, INC."
"156.","BiCOM Inc","US","CHARLOTTE","7490","LF","2024","Registered address / Incorporation address / Legal address",1017662,"7490-LA",NA,NA,"Cortera","Medium sized company","40",40,"n.a.",NA,NA,0,"Single location",0,0,NA,NA,NA,NA,NA,0,0,"BICOM","BICOM INC"
"157.","InRoom Broadcasting Network","US","WILMINGTON","6020","LF","2024","Registered address / Incorporation address / Legal address",11473,"6020-LA",NA,NA,"Cortera","Medium sized company","2",2,"n.a.",NA,NA,0,"Single location",0,0,NA,NA,NA,NA,NA,0,0,"INROOM BROADCASTING NETWORK","INROOM BROADCASTING NETWORK LLC"
"158.","City of Portland, Oregon","US","WASHINGTON","8411","LF","2024","Registered address / Incorporation address / Legal address",55411,"8411-LA",NA,NA,"Cortera","Medium sized company","7",7,"n.a.",NA,NA,0,"Single location",0,0,NA,NA,NA,NA,NA,0,0,"CITY OF PORTLAND OREGON","CITY OF PORTLAND OREGON"
"159.","ADI Technologies Inc","US","CHANTILLY","7022","LF","2024","Registered address / Incorporation address / Legal address",421727,"7022-VL",NA,NA,"Cortera","Medium sized company","10",10,"n.a.",NA,NA,0,"Independent co",1,0,NA,NA,NA,NA,NA,0,0,"ADI TECHNOLOGY","ADI TECHNOLOGIES INC."
"160.","Wrights Media","US","SANTA BARBARA","6190","LF","2024","Registered address / Incorporation address / Legal address",95560,"6190-LA",NA,NA,"Cortera","Medium sized company","2",2,"n.a.",NA,NA,0,"Independent co",2,0,NA,NA,NA,NA,NA,0,0,"DARE WRIGHT MEDIA","DARE WRIGHT MEDIA, LLC"
"161.","Metamaterial Inc","CA","TORONTO","2651","C1","2020","Registered address / Incorporation address / Legal address",27263,"2651-LA",NA,NA,"World'Vest Base Inc.","Medium sized company","n.a.",NA,"8253.2579593934",8253.2579593934,10127.5670599937,17,"Controlled subs.",2,0,NA,33.376,NA,NA,3687.34266895479,0,1,"METAMATERIAL","METAMATERIAL INC"
"162.","Wow Media Products Inc","US","NEW YORK","8299","LF","2024","Registered address / Incorporation address / Legal address",307657,"8299-VL",NA,NA,"Cortera","Medium sized company","70",70,"n.a.",NA,NA,0,"Single location",0,0,NA,NA,NA,NA,NA,0,0,"WOW MEDIA PRODUCTS","WOW MEDIA PRODUCTS, INC."
"163.","Liqvid eLearning","IN","NEW DELHI","9601","C2","2023","Registered address / Incorporation address / Legal address",35956,"9601-VL",NA,NA,"Worldbox","Medium sized company","n.a.",NA,"3122.62096650915",3122.62096650915,3375.86474190187,4,"Controlled subs.",5,2,5.662,NA,NA,NA,1380.21091512276,0,1,"LIQVID ELEARNING SERVICE PRIVATE","LIQVID ELEARNING SERVICES PRIVATE LIMITED"
"164.","Competitive Technologies Inc","US","FAIRFIELD","8299","C1","2016","Registered address / Incorporation address / Legal address",307657,"8299-VL",NA,NA,"Refinitiv","Medium sized company","n.a.",7,"3684.86066040685",3684.86066040685,3884.21,2,"GUO",12,1,-98.569,NA,NA,NA,0,1,0,"CALMARE THERAPEUTICS","CALMARE THERAPEUTICS INCORPORATED"
"165.","GAGA Sports & Entertainment","US","NOVATO","9002","LF","2024","Registered address / Incorporation address / Legal address",14799,"9002-VL",NA,NA,"Cortera","Medium sized company","7",7,"n.a.",NA,NA,0,"Branch location",1,0,NA,NA,NA,NA,NA,0,0,"GAGA SPORTS & ENTERTAINMENT","GAGA SPORTS & ENTERTAINMENT, INC."
"166.","August House Inc","US","ATLANTA",NA,"LF","2024","Registered address / Incorporation address / Legal address",NA,NA,NA,NA,"Cortera","Medium sized company","2",2,"n.a.",NA,NA,2,"Controlled subs.",1,0,NA,NA,NA,NA,NA,0,1,"AUGUST HOUSE","AUGUST HOUSE, INC."
"167.","Sportsgrid Inc","US","BROOKLYN","6020","LF","2024","Registered address / Incorporation address / Legal address",11473,"6020-LA",NA,NA,"Cortera","Medium sized company","4",4,"n.a.",NA,NA,0,"Independent co",0,1,NA,NA,NA,NA,NA,0,0,"SPORTSGRID","SPORTSGRID INC"
"168.","CYBERINC CORPORATION","US","SAN RAMON","6201","LF","2024","Registered address / Incorporation address / Legal address",240409,"6201-LA",NA,NA,"Cortera","Medium sized company","5",5,"n.a.",NA,NA,287,"Controlled subs.",1,2,NA,NA,NA,NA,NA,0,1,"CYBERINC ","CYBERINC CORPORATION"
"169.","Segmint Inc","US","AKRON","6201","LF","2021","Registered address / Incorporation address / Legal address",240409,"6201-LA",NA,NA,"Cortera","Small company","6",6,"n.a.",NA,NA,7,"Controlled subs.",2,0,NA,NA,NA,NA,NA,0,1,"SEGMINT","SEGMINT INC."
"170.","REACHTV, LLC","US","STUART","8412","LF","2024","Registered address / Incorporation address / Legal address",12967,"8412-LA",NA,NA,"Cortera","Small company","6",6,"n.a.",NA,NA,0,"Independent co",2,0,NA,NA,NA,NA,NA,0,0,"REACHTV","REACHTV, LLC"
"171.","Toward Zero Co","US","CENTENNIAL","7990","LF","2024","Registered address / Incorporation address / Legal address",222778,"7990-LA",NA,NA,"Cortera","Medium sized company","17",17,"n.a.",NA,NA,0,"Single location",0,0,NA,NA,NA,NA,NA,0,0,"TOWARD ZERO ","TOWARD ZERO CO."
"172.","Tekes","FI","VALKEALA","2561","U1","2023","Office address",26697,"2561-LA",NA,NA,"Suomen Asiakastieto","Small company","8",8,"119.491",119.491,129.36098479259,2,"Controlled subs.",2,0,44.293,NA,NA,NA,80.245,0,1,"TEKE","TEKE OY"
"173.","Lifars Llc","US","NEW YORK","8020","LF","2024","Registered address / Incorporation address / Legal address",37263,"8020-LA",NA,NA,"Cortera","Small company","8",8,"n.a.",NA,NA,9,"Controlled subs.",1,0,NA,NA,NA,NA,NA,0,1,"LIFARS","LIFARS LLC"
"174.","Evernym Inc","US","HERRIMAN","6201","LF","2024","Registered address / Incorporation address / Legal address",240409,"6201-LA",NA,NA,"Cortera","Small company","5",5,"n.a.",NA,NA,175,"Controlled subs.",1,0,NA,NA,NA,NA,NA,0,1,"EVERNYM","EVERNYM, INC."
"175.","World Acceptance Group Corp","US","SOUTH PASADENA","6311","LF","2024","Registered address / Incorporation address / Legal address",100723,"6311-ME",NA,NA,"Cortera","Small company","10",10,"n.a.",NA,NA,0,"Single location",0,0,NA,NA,NA,NA,NA,0,0,"WORLD ACCEPTANCE GROUP ","WORLD ACCEPTANCE GROUP, CORP."
"176.","Incedo Inc","US","SANTA CLARA","6209","LF","2024","Registered address / Incorporation address / Legal address",165616,"6209-LA",NA,NA,"Cortera","Small company","2",2,"n.a.",NA,NA,0,"Single location",0,0,NA,NA,NA,NA,NA,0,0,"INCEDO","INCEDO INC."
"177.","Sigmasense Llc","US","WEST LAKE HILLS","7490","LF","2024","Registered address / Incorporation address / Legal address",1547241,"7490-ME",NA,NA,"Cortera","Small company","2",2,"n.a.",NA,NA,0,"Independent co",6,0,NA,NA,NA,NA,NA,0,0,"SIGMASENSE","SIGMASENSE LLC"
"178.","X-Tend Robotics Inc","US","MIDDLEBURG","7112","LF","2024","Registered address / Incorporation address / Legal address",550872,"7112-LA",NA,NA,"Cortera","Small company","2",2,"n.a.",NA,NA,0,"Independent co",1,0,NA,NA,NA,NA,NA,0,0,"X-TEND ROBOTICS","X-TEND ROBOTICS INC"
"179.","Computervault Inc","US","MARLBOROUGH","6311","LF","2024","Registered address / Incorporation address / Legal address",100723,"6311-ME",NA,NA,"Cortera","Small company","4",4,"n.a.",NA,NA,0,"Single location",0,0,NA,NA,NA,NA,NA,0,0,"COMPUTERVAULT","COMPUTERVAULT, INC."
"180.","DLT Solutions LLC","US","CLEARWATER",NA,"LF","2024","Registered address / Incorporation address / Legal address",NA,NA,NA,NA,"Cortera","Small company","4",4,"n.a.",NA,NA,2,"GUO",0,1,NA,NA,NA,NA,NA,1,0,"DLT SOLUTIONS","DLT SOLUTIONS LLC"
"181.","Buongiorno Digital Innovation","IN","GURGAON","8299","U1","2023","Registered address / Incorporation address / Legal address",626008,"8299-LA",NA,"India","Worldbox","Small company","n.a.",NA,"432.832793902491",432.832793902491,467.935424678773,0,"Independent co",2,1,11.022,NA,NA,NA,0,0,0,"LUMATA DIGITAL INDIA PRIVATE","LUMATA DIGITAL INDIA PRIVATE LIMITED"
"182.","Hemp Inc","US","LITTLETON, COLORADO","7490","C1","2022","Registered address / Incorporation address / Legal address",1547241,"7490-ME",NA,NA,"World'Vest Base Inc.","Very large company","n.a.",NA,"41576.9935089807",41576.9935089807,44346,5,"GUO",0,3,-12.362,0,NA,NA,28934.9473159735,1,0,"HEMP","HEMP, INC."
"183.","DataRobot Inc","US","RESTON","6201","LF","2024","Registered address / Incorporation address / Legal address",360826,"6201-ME",NA,NA,"Cortera","Small company","2",2,"n.a.",NA,NA,0,"Single location",0,0,NA,NA,NA,NA,NA,0,0,"DATAROBOT","DATAROBOT, INC."
"184.","Dedicated Computing LLC","US","WILMINGTON",NA,"LF","2023","Registered address / Incorporation address / Legal address",NA,NA,NA,NA,"Cortera","Small company","3",3,"n.a.",NA,NA,0,"Single location",0,0,NA,NA,NA,NA,NA,0,0,"DEDICATED COMPUTING","DEDICATED COMPUTING LLC"
"185.","Kys-Tech","US","CAMDEN",NA,"LF","2024","Registered address / Incorporation address / Legal address",NA,NA,NA,NA,"Cortera","Small company","3",3,"n.a.",NA,NA,0,"Single location",0,0,NA,NA,NA,NA,NA,0,0,"KYS-TECH","KYS-TECH, INC."
"186.","HIVECELL, INC.","US","LEWES",NA,"LF","2023","Registered address / Incorporation address / Legal address",NA,NA,NA,NA,"Cortera","Small company","3",3,"n.a.",NA,NA,0,"Single location",0,0,NA,NA,NA,NA,NA,0,0,"HIVECELL","HIVECELL, INC."
"187.","Fandex Inc","US","WILMINGTON",NA,"LF","2023","Registered address / Incorporation address / Legal address",NA,NA,NA,NA,"Cortera","Small company","3",3,"n.a.",NA,NA,0,"Single location",0,0,NA,NA,NA,NA,NA,0,0,"FANDEX","FANDEX, INC."
"188.","Thunder Studios Inc","US","TREASURE ISLAND",NA,"LF","2023","Registered address / Incorporation address / Legal address",NA,NA,NA,NA,"Cortera","Small company","8",8,"n.a.",NA,NA,0,"Single location",0,0,NA,NA,NA,NA,NA,0,0,"THUNDER BAY STUDIOS","THUNDER BAY STUDIOS, INC."
"189.","Impression Vfx Inc","US","EAGLE",NA,"LF","2024","Registered address / Incorporation address / Legal address",NA,NA,NA,NA,"Cortera","Small company","3",3,"n.a.",NA,NA,0,"Single location",0,0,NA,NA,NA,NA,NA,0,0,"IMPRESSION VFX","IMPRESSION VFX INC"
"190.","BR4SS INC","US","SIMI VALLEY","7490","LF","2022","Registered address / Incorporation address / Legal address",6793762,"7490-SM",NA,NA,"Cortera","Small company","2",2,"n.a.",NA,NA,0,"Single location",0,0,NA,NA,NA,NA,NA,0,0,"BR4SS","BR4SS INC"
"191.","The Go Big Project","US","LOS ANGELES",NA,"LF","2021","Registered address / Incorporation address / Legal address",NA,NA,NA,NA,"Cortera","Small company","2",2,"n.a.",NA,NA,0,"Single location",0,0,NA,NA,NA,NA,NA,0,0,"THE GO BIG PROJECT","THE GO BIG PROJECT"
"192.","BlackBoxTV","US","SPOKANE",NA,"LF","2024","Registered address / Incorporation address / Legal address",NA,NA,NA,NA,"Cortera","Small company","3",3,"n.a.",NA,NA,0,"Single location",0,0,NA,NA,NA,NA,NA,0,0,"BLACKBOXTV","BLACKBOXTV LLC"
"193.","Beijing Infobird Co Ltd","CN","BEIJING","7112","LF","2021","Registered address / Incorporation address / Legal address",826306,"7112-ME",NA,NA,"Directories in Chinese","Small company","1",1,"22.1756626186461",22.1756626186461,25.1161623001099,2,"Controlled subs.",1,0,-18.75,NA,NA,NA,NA,0,1,"BEIJING INFOBIRD INTERACTIVE TECHNOLOGY ","BEIJING INFOBIRD INTERACTIVE TECHNOLOGY CO., LTD."
"194.","Zenuity AB","SE","GOETEBORG","6910","U2","2024","Post(al) address",1854646,"6910-SM",NA,NA,"UC AB","Large company","n.a.",NA,"605.465154460377",605.465154460377,629.017471000552,0,"Independent co",3,0,NA,NA,NA,NA,0,0,0,"ZENUITY","ZENUITY AB"
"195.","Commercetools GmbH","DE","MUENCHEN","6201","LF","2025","Registered address / Incorporation address / Legal address",117237,"6201-VL",NA,NA,"Creditreform Germany","Large company","261",261,"n.a.",NA,NA,6,"Controlled subs.",18,5,NA,NA,NA,NA,NA,0,1,"COMMERCETOOLS","COMMERCETOOLS GMBH"
"196.","Pixar Inc","US","MERCED","9321","NF",NA,"Registered address / Incorporation address / Legal address",93680,"9321-SM",NA,NA,"Cortera","Small company","n.a.",NA,"n.a.",NA,NA,2282,"Controlled subs.",2,0,NA,NA,NA,NA,NA,0,1,"PIXAR","PIXAR INC"
"197.","Qompium Nv","BE","3500 HASSELT","6201","NF",NA,"Address abroad",1741240,"6201-SM",NA,NA,"Ellisphere","Small company","n.a.",NA,"n.a.",NA,NA,0,"Single location",0,0,NA,NA,NA,NA,NA,0,0,"QOMPIUM","QOMPIUM NV"
"198.","Digi-Key Corp","US",NA,NA,"NF",NA,"Registered address / Incorporation address / Legal address",NA,NA,NA,NA,"BvD ownership database","Small company","n.a.",NA,"n.a.",NA,NA,3,"GUO",0,1,NA,NA,NA,NA,NA,1,0,"DIGI-KEY ","DIGI-KEY CORP"
"199.","Lumina Analytics LLC","US",NA,NA,"NF",NA,"Registered address / Incorporation address / Legal address",NA,NA,NA,NA,"BvD ownership database","Small company","n.a.",NA,"n.a.",NA,NA,0,"Single location",0,0,NA,NA,NA,NA,NA,0,0,"LUMINA ANALYTICS","LUMINA ANALYTICS, LLC"
"200.","Veritran","AR","CAPITAL FEDERAL",NA,"LF","2024","Registered address / Incorporation address / Legal address",NA,NA,NA,NA,"Equifax Argentina","Large company","175",175,"n.a.",NA,NA,0,"Single location",0,0,NA,NA,NA,NA,NA,0,0,"VERITRAN S. A. U.","VERITRAN S. A. U."
"201.","Universitat Duisburg Essen","DE","ESSEN","8541","NF",NA,"Registered address / Incorporation address / Legal address",254241,"8541-SM",NA,NA,"LEI","Small company","n.a.",NA,"n.a.",NA,NA,0,"Independent co",0,5,NA,NA,NA,NA,NA,0,0,"UNIVERSITAT DUISBURG-ESSEN","UNIVERSITAT DUISBURG-ESSEN"
"202.","Riyadh Municipality","SA","RIYADH (AL)",NA,"NF",NA,"Registered address / Incorporation address / Legal address",NA,NA,NA,NA,"Cedar Rose Int. Services Ltd","Small company","n.a.",NA,"n.a.",NA,NA,0,"Single location",0,0,NA,NA,NA,NA,NA,0,0,"RIYADH MUNICIPALITY","RIYADH MUNICIPALITY"
"203.","MOTION COMPUTING INC","AU",NA,"4743","NF",NA,"Registered address / Incorporation address / Legal address",763393,"4743-SM",NA,NA,"Equifax","Small company","n.a.",NA,"n.a.",NA,NA,0,"Single location",0,0,NA,NA,NA,NA,NA,0,0,"MOTION COMPUTING","MOTION COMPUTING INC"
"204.","Legend 3d Inc","US","LOS ANGELES","5912","NF",NA,"Registered address / Incorporation address / Legal address",117125,"5912-SM",NA,NA,"BvD ownership database","Small company","n.a.",NA,"n.a.",NA,NA,0,"Independent co",4,0,NA,NA,NA,NA,NA,0,0,"LEGEND 3D","LEGEND 3D INC."
"205.","Acromax Inc","TW","NEW TAIPEI CITY","6311","LF","2024","Registered address / Incorporation address / Legal address",527208,"6311-SM",NA,NA,"China Credit Information Service Ltd","Large company","n.a.",NA,"n.a.",NA,NA,3,"Controlled subs.",1,0,NA,NA,NA,NA,NA,0,1,"ACROMAX","ACROMAX INC."
"206.","Panasonic System","US","LAKE VIEW",NA,"NF",NA,"Registered address / Incorporation address / Legal address",NA,NA,NA,NA,"Cortera","Small company","n.a.",NA,"n.a.",NA,NA,0,"Single location",0,0,NA,NA,NA,NA,NA,0,0,"PANASONIC SYSTEM SOLUTIONS ","PANASONIC SYSTEM SOLUTIONS CO"
"207.","Software AG","DE","DARMSTADT HESSE",NA,"NF",NA,"Registered address / Incorporation address / Legal address",NA,NA,NA,NA,"BvD ownership database","Small company","n.a.",NA,"n.a.",NA,NA,2,"GUO",0,1,NA,NA,NA,NA,NA,1,0,"SOFTWAREGERMANY","SOFTWARE AG GERMANY"
"208.","DIALOG SEMICONDUCTOR LIMITED","GB","BOURNE END","7010","U2","2024","Registered address / Incorporation address / Legal address",54991,"7010-VL",NA,NA,"Vistra","Very large company","n.a.",NA,"2151401.06458808",2151401.06458808,2235089.57829487,215,"Controlled subs.",1,28,-0.848,NA,NA,NA,NA,0,1,"DIALOG SEMICONDUCTOR","DIALOG SEMICONDUCTOR LIMITED"
"209.","Lenovo Group Ltd","HK",NA,NA,"NF",NA,"Registered address / Incorporation address / Legal address",NA,NA,NA,NA,"BvD ownership database","Small company","n.a.",NA,"n.a.",NA,NA,0,"Independent co",0,1,NA,NA,NA,NA,NA,0,0,"LENOVO GROUP LTD DIRECTORS","LENOVO GROUP LTD DIRECTORS"
